[
  {
    "success": true,
    "processing_timestamp": "2025-09-18T03:21:40.190Z",
    "container_tracking": {
      "id": "98632ff7-e79e-4e14-85b6-9ef04098bd6e",
      "container_number": "MSNU7852550",
      "bill_of_lading_number": null,
      "container_type": "40' HIGH CUBE",
      "shipped_from": "Mundra, In",
      "shipped_to": "Cartagena, Co",
      "port_of_load": "Mundra",
      "port_of_discharge": "Cartagena",
      "current_status": "Empty to Shipper",
      "current_location": "Mundra, In",
      "latest_move": "Empty to Shipper",
      "pod_eta_date": "2025-09-24",
      "price_calculation_date": null,
      "is_delivered": false,
      "total_events": 5,
      "number_of_containers": 1,
      "tracking_type": "Container",
      "tracking_date": "2025-09-18",
      "transhipments": [
        "Antwerp, Be"
      ],
      "route_summary": "Mundra, In → Cartagena, Co",
      "created_at": "2025-09-18T03:21:40.190Z",
      "updated_at": "2025-09-18T03:21:40.190Z",
      "extracted_at": "2025-09-18T03:09:39.419Z"
    },
    "container_events": [
      {
        "id": "3c2aea99-d305-4965-aa3a-cf3360a8c748",
        "container_tracking_id": "98632ff7-e79e-4e14-85b6-9ef04098bd6e",
        "event_date": "2025-08-03",
        "event_time": null,
        "location": "Mundra, In",
        "port": "Mundra",
        "country": "In",
        "event_type": "Export Loaded on Vessel",
        "event_description": "Export Loaded on Vessel",
        "vessel_name": "MSC VILDA X",
        "voyage_number": null,
        "terminal": null,
        "event_sequence": 1,
        "is_estimated": false,
        "created_at": "2025-09-18T03:21:40.190Z",
        "updated_at": "2025-09-18T03:21:40.190Z"
      },
      {
        "id": "c76ad7e8-c581-4066-a24c-2b21185cd040",
        "container_tracking_id": "98632ff7-e79e-4e14-85b6-9ef04098bd6e",
        "event_date": "2025-09-05",
        "event_time": null,
        "location": "Antwerp, Be",
        "port": "Antwerp",
        "country": "Be",
        "event_type": "Full Transshipment Discharged",
        "event_description": "Full Transshipment Discharged",
        "vessel_name": "MSC VILDA X",
        "voyage_number": null,
        "terminal": null,
        "event_sequence": 2,
        "is_estimated": false,
        "created_at": "2025-09-18T03:21:40.190Z",
        "updated_at": "2025-09-18T03:21:40.190Z"
      },
      {
        "id": "55b540c0-a149-475e-97a1-5850c151ea16",
        "container_tracking_id": "98632ff7-e79e-4e14-85b6-9ef04098bd6e",
        "event_date": "2025-09-08",
        "event_time": null,
        "location": "Antwerp, Be",
        "port": "Antwerp",
        "country": "Be",
        "event_type": "Full Transshipment Loaded",
        "event_description": "Full Transshipment Loaded",
        "vessel_name": "MSC EUGENIA",
        "voyage_number": null,
        "terminal": null,
        "event_sequence": 3,
        "is_estimated": false,
        "created_at": "2025-09-18T03:21:40.190Z",
        "updated_at": "2025-09-18T03:21:40.190Z"
      },
      {
        "id": "b8fbf3fc-b61f-4eac-bfde-8cf2ebc9a9f6",
        "container_tracking_id": "98632ff7-e79e-4e14-85b6-9ef04098bd6e",
        "event_date": "2025-07-18",
        "event_time": null,
        "location": "Mundra, In",
        "port": "Mundra",
        "country": "In",
        "event_type": "Export received at CY",
        "event_description": "Export received at CY",
        "vessel_name": null,
        "voyage_number": null,
        "terminal": null,
        "event_sequence": 4,
        "is_estimated": false,
        "created_at": "2025-09-18T03:21:40.190Z",
        "updated_at": "2025-09-18T03:21:40.190Z"
      },
      {
        "id": "74a9bbcc-bac6-40d2-be2f-b8bad76d6dbc",
        "container_tracking_id": "98632ff7-e79e-4e14-85b6-9ef04098bd6e",
        "event_date": "2025-07-16",
        "event_time": null,
        "location": "Mundra, In",
        "port": "Mundra",
        "country": "In",
        "event_type": "Empty to Shipper",
        "event_description": "Empty to Shipper",
        "vessel_name": null,
        "voyage_number": null,
        "terminal": null,
        "event_sequence": 5,
        "is_estimated": false,
        "created_at": "2025-09-18T03:21:40.190Z",
        "updated_at": "2025-09-18T03:21:40.190Z"
      }
    ],
    "container_vessels": [
      {
        "id": "0842257c-28d6-4bb9-a750-423765a6098d",
        "container_tracking_id": "98632ff7-e79e-4e14-85b6-9ef04098bd6e",
        "vessel_name": "MSC EUGENIA",
        "vessel_imo": "9785469",
        "vessel_flag": null,
        "voyage_number": "NX536A",
        "service_name": null,
        "vessel_sequence": 1,
        "created_at": "2025-09-18T03:21:40.190Z",
        "updated_at": "2025-09-18T03:21:40.190Z"
      },
      {
        "id": "810c1f30-e228-43c0-ba8e-6e9cd91290a1",
        "container_tracking_id": "98632ff7-e79e-4e14-85b6-9ef04098bd6e",
        "vessel_name": "MSC VILDA X",
        "vessel_imo": "9146479",
        "vessel_flag": null,
        "voyage_number": "IP530A",
        "service_name": null,
        "vessel_sequence": 2,
        "created_at": "2025-09-18T03:21:40.190Z",
        "updated_at": "2025-09-18T03:21:40.190Z"
      }
    ],
    "tracking_summary": {
      "id": "6f6ddc65-df8d-4999-bcef-e84ee85a2c04",
      "container_number": "MSNU7852550",
      "last_updated": "2025-09-18T03:21:40.190Z",
      "total_events": 5,
      "total_ports": 2,
      "total_vessels": 2,
      "first_event_date": "2025-07-16",
      "last_event_date": "2025-09-08",
      "estimated_arrival": "2025-09-24",
      "is_in_transit": true,
      "current_phase": "Empty to Shipper",
      "origin_country": "In",
      "destination_country": "Co",
      "has_transhipments": true,
      "transhipment_count": 1,
      "created_at": "2025-09-18T03:21:40.190Z"
    },
    "metadata": {
      "total_records": {
        "container_trackings": 1,
        "container_events": 5,
        "container_vessels": 2,
        "tracking_summaries": 1
      },
      "primary_keys": {
        "container_tracking_id": "98632ff7-e79e-4e14-85b6-9ef04098bd6e",
        "tracking_summary_id": "6f6ddc65-df8d-4999-bcef-e84ee85a2c04"
      },
      "data_quality": {
        "hasRoute": true,
        "hasCurrentStatus": true,
        "hasETA": true,
        "hasEvents": true,
        "hasVesselInfo": true,
        "hasDetailedTimeline": true,
        "hasVesselIMO": true,
        "completeness": 100,
        "hasContainerNumber": true,
        "hasVessels": true
      },
      "original_message": "✅ Datos extraídos exitosamente para contenedor MSNU7852550.\n\n📍 Estado: Empty to Shipper en Mundra, In\n🎯 ETA: 24/09/2025\n📊 Total eventos: 6\n\n🚢 Buques involucrados (2):\n   1. MSC EUGENIA (IMO: 9785469) - Viaje: NX536A\n      📍 Ubicaciones: Cartagena, Co, Antwerp, Be\n      📋 Eventos: 2\n   2. MSC VILDA X (IMO: 9146479) - Viaje: IP530A\n      📍 Ubicaciones: Mundra, In, Antwerp, Be\n      📋 Eventos: 2\n\n🔄 Transbordos en: Antwerp, Be\n\n📋 Último evento:\n   16/07/2025 - Mundra, In\n   Empty to Shipper"
    }
  }
]